品號,品名,類別,份數,包數,份數價格,商品結帳價
D50100001,0-1純米泥,冷凍粥飯,1,4,140,35
D50100002,0-2南瓜米泥,冷凍粥飯,1,4,140,35
D50100003,0-3地瓜米泥,冷凍粥飯,1,4,140,35
D50100004,0-4馬鈴薯米泥,冷凍粥飯,1,4,140,35
D50100005,0-5紅蘿蔔米泥,冷凍粥飯,1,4,140,35
D50100006,0-6甜菜根米泥,冷凍粥飯,1,4,140,35
D50100007,0-7山藥米泥,冷凍粥飯,1,4,140,35
D50100008,0-8青江菜米泥,冷凍粥飯,1,4,140,35
D50100009,0-9小松葉米泥,冷凍粥飯,1,4,140,35
D50100010,0-10青花椰菜米泥,冷凍粥飯,1,4,140,35
D50100011,0-11高麗菜米泥,冷凍粥飯,1,4,140,35
D50100012,0-12黑木耳米泥,冷凍粥飯,1,4,140,35
D50100013,0-13洋蔥米泥,冷凍粥飯,1,4,140,35
D50100015,0-15蘋果米泥,冷凍粥飯,1,4,140,35
D50100016,0-16水梨米泥,冷凍粥飯,1,4,140,35
D50100017,0-17雞肉米泥,冷凍粥飯,1,4,140,35
D50100018,0-18豬肉米泥,冷凍粥飯,1,4,140,35
D50100019,0-19鯛魚米泥,冷凍粥飯,1,4,140,35
D50100020,0-20牛肉米泥,冷凍粥飯,1,4,140,35
D50100021,0-21絲瓜米泥,冷凍粥飯,1,4,140,35
D50600001,2-S1和風豚肉燉飯,冷凍粥飯,1,2,180,90
D50600002,2-S2綠意什錦豬肉燉飯,冷凍粥飯,1,2,180,90
D50600003,2-S3白醬魚片燉飯,冷凍粥飯,1,2,180,90
D50600004,2-S4秋葵茄雞燉飯,冷凍粥飯,1,2,180,90
D50600005,2-S5香菇雞湯燉飯,冷凍粥飯,1,2,180,90
D50600006,2-S6羅宋牛肉燉飯,冷凍粥飯,1,2,180,90
D50600007,2-S7鮭魚鮮燴燉飯,冷凍粥飯,1,2,180,90
D50600008,2-S8豆豆美人燉飯,冷凍粥飯,1,2,180,90
D50600009,2-S9蒜香蝦蝦燉飯,冷凍粥飯,1,2,180,90
D50600010,2-S10五彩鮮魚燉飯,冷凍粥飯,1,2,180,90
D50600011,2-S11田園雞肉燉飯,冷凍粥飯,1,2,180,90
D50600012,2-M3青醬海陸義麵,冷凍粥飯,1,2,180,90
D50700001,3-3蔬菜高湯,冷凍粥飯,1,2,180,90
D51300001,寶寶年菜-紅到發紫,冷凍粥飯,,,,
D51300002,寶寶年菜-平安喜樂,冷凍粥飯,,,,
D51300003,寶寶年菜-瑞氣金黃,冷凍粥飯,,,,
D51300004,寶寶年菜-魚躍龍門,冷凍粥飯,,,,
D51300005,寶寶年菜-花開富貴大寶寶粥,冷凍粥飯,,,,
D51300006,寶寶年菜-佛跳牆,冷凍粥飯,,,,
D51300007,寶寶年菜-年年有魚,冷凍粥飯,,,,
D51300008,寶寶年菜-獅子頭,冷凍粥飯,,,,
D51300009,寶寶年菜-南瓜燉飯,冷凍粥飯,,,,
D51300010,寶寶年菜-番茄伊比利豬燉飯,冷凍粥飯,,,,
D50200001,1-01玉米菇菇雞蓉粥,冷凍粥飯,1,4,240,60
D50200002,1-02雙瓜豬肉粥,冷凍粥飯,1,4,240,60
D50200003,1-03紅蔔甜椒雞蓉粥,冷凍粥飯,1,4,240,60
D50200004,1-04青翠白花豬豬粥,冷凍粥飯,1,4,240,60
D50200005,1-05番茄野菇雞蓉粥,冷凍粥飯,1,4,240,60
D50200006,1-06秋葵白菜牛肉粥,冷凍粥飯,1,4,240,60
D50200007,1-07紫心豬豬粥,冷凍粥飯,1,4,240,60
D50200008,1-08木耳海藻魚片粥,冷凍粥飯,1,4,240,60
D50200009,1-09清甜美人粥,冷凍粥飯,1,4,240,60
D50200010,1-10枸杞紅棗山藥粥,冷凍粥飯,1,4,240,60
D50200011,1-11蔬菜鮭魚粥,冷凍粥飯,1,4,240,60
D50800001,A01金瓜紅藜鮭魚粥,冷凍粥飯,,,,
D50800002,A02元氣蕃茄豬肉粥,冷凍粥飯,,,,
D50800003,A03芹耳絲瓜鱸魚粥,冷凍粥飯,,,,
D50800004,A04山藥海芽鱸魚粥,冷凍粥飯,,,,
D50800005,A05秋葵棉腐雞肉粥,冷凍粥飯,,,,
D50800006,A06薑薑好虱目魚粥,冷凍粥飯,,,,
D50800007,A07什錦五彩豬肉粥,冷凍粥飯,,,,
D50800008,A08羅宋甜麗牛肉粥,冷凍粥飯,,,,
D50800009,A09地瓜香蘋蔬食粥,冷凍粥飯,,,,
D50800010,A10紫薯洋芋蔬食粥,冷凍粥飯,,,,
D50800011,A11棗滋養虱目魚粥,冷凍粥飯,,,,
D50800012,A12甜菜香蘋鯛魚粥,冷凍粥飯,,,,
D50300001,1P-01金黃根莖雞蓉大寶寶粥150g,冷凍粥飯,1,2,150,75
D50300002,1P-02高麗野蔬雞蓉大寶寶粥150g,冷凍粥飯,1,2,150,75
D50300003,1P-03豚未香菇豆腐大寶寶粥150g,冷凍粥飯,1,2,150,75
D50300004,1P-04蔬菜鮭魚大寶寶粥150g,冷凍粥飯,1,2,150,75
D50300005,1P-05元氣牛肉大寶寶粥150g,冷凍粥飯,1,2,150,75
D50300006,1P-06絲瓜鱸魚大寶寶粥150g,冷凍粥飯,1,2,150,75
D50300007,1P-07百蔬蛋黃大寶寶粥150g,冷凍粥飯,1,2,150,75
D50300008,1P-08鮮魚野蕈大寶寶粥150g,冷凍粥飯,1,2,150,75
D50300009,1P-09粉紅豬豬大寶寶粥150g,冷凍粥飯,1,2,150,75
D50300010,1P-10四季春雞大寶寶粥150g,冷凍粥飯,1,2,150,75
D50300011,1P-11紫金雞蓉大寶寶粥150g,冷凍粥飯,1,2,150,75
D50300012,1P-12青花菇蕈大寶寶粥150g,冷凍粥飯,1,2,150,75
D50300013,1P-13芹香牛奶魚大寶寶粥150g,冷凍粥飯,1,2,150,75
D50300014,1P-14五彩雙嬌牛肉大寶寶粥150g,冷凍粥飯,1,2,150,75
D50300015,1P-15紫玉豆豆雞蓉大寶寶粥150g,冷凍粥飯,1,2,150,75
D50300016,1P-16豚末針菇大寶寶粥150g,冷凍粥飯,1,2,150,75
D50300017,1P-17甘栗瓜瓜魚肉大寶寶粥150g,冷凍粥飯,1,2,150,75
D50300018,1P-18蕃茄時蔬嫰雞大寶寶粥150g,冷凍粥飯,1,2,150,75
D50900001,B01養氣蓮子香菇雞,冷凍粥飯,,,,
D50900002,B02塔香肉燥,冷凍粥飯,,,,
D50900003,B03蕃茄馬鈴薯燉肉,冷凍粥飯,,,,
D50900004,B04哈佛蔬菜燴鮮魚,冷凍粥飯,,,,
D50900005,B05山藥鮮蔬嫰雞,冷凍粥飯,,,,
D50400001,1P-01金黃根莖雞蓉大寶寶粥200g,冷凍粥飯,1,2,180,90
D50400002,1P-02高麗野蔬雞蓉大寶寶粥200g,冷凍粥飯,1,2,180,90
D50400003,1P-03豚未香菇豆腐大寶寶粥200g,冷凍粥飯,1,2,180,90
D50400004,1P-04蔬菜鮭魚大寶寶粥200g,冷凍粥飯,1,2,180,90
D50400005,1P-05元氣牛肉大寶寶粥200g,冷凍粥飯,1,2,180,90
D50400006,1P-06絲瓜鱸魚大寶寶粥200g,冷凍粥飯,1,2,180,90
D50400007,1P-07百蔬蛋黃大寶寶粥200g,冷凍粥飯,1,2,180,90
D50400008,1P-08鮮魚野蕈大寶寶粥200g,冷凍粥飯,1,2,180,90
D50400009,1P-09粉紅豬豬大寶寶粥200g,冷凍粥飯,1,2,180,90
D50400010,1P-10四季春雞大寶寶粥200g,冷凍粥飯,1,2,180,90
D50400011,1P-11紫金雞蓉大寶寶粥200g,冷凍粥飯,1,2,180,90
D50400012,1P-12青花菇蕈大寶寶粥200g,冷凍粥飯,1,2,180,90
D50400013,1P-13芹香牛奶魚大寶寶粥200g,冷凍粥飯,1,2,180,90
D50400014,1P-14五彩雙嬌牛肉大寶寶粥200g,冷凍粥飯,1,2,180,90
D50400015,1P-15紫玉豆豆雞蓉大寶寶粥200g,冷凍粥飯,1,2,180,90
D50400016,1P-16豚末針菇大寶寶粥200g,冷凍粥飯,1,2,180,90
D50400017,1P-17甘栗瓜瓜魚肉大寶寶粥200g,冷凍粥飯,1,2,180,90
D50400018,1P-18蕃茄時蔬嫰雞大寶寶粥200g,冷凍粥飯,1,2,180,90
D51000001,C01懷舊高麗菜燉飯,冷凍粥飯,,,,
D51000002,C02和風鮭魚彩蔬燉飯,冷凍粥飯,,,,
D51000003,C03薑黃野菇蔬食燉飯,冷凍粥飯,,,,
D51000004,C04麻香牛肉燉飯,冷凍粥飯,,,,
D51000005,C05洋蔥鮮豚燉飯,冷凍粥飯,,,,
D51000006,C06蜜薯嫰雞燉飯,冷凍粥飯,,,,
D50500001,2-M寶貝義大利麵,冷凍粥飯,1,2,80,40
D50500002,2-MS寶貝義大利麵(螺旋麵),冷凍粥飯,1,2,80,40
D50500003,2-F寶貝米飯,冷凍粥飯,1,2,80,40
D50500004,2-1醬燒什錦豬肉,冷凍粥飯,1,2,130,65
D50500005,2-2鮮奶起司鮭魚,冷凍粥飯,1,2,130,65
D50500006,2-3馬鈴薯燉牛肉,冷凍粥飯,1,2,130,65
D50500007,2-4塔香虱目魚,冷凍粥飯,1,2,130,65
D50500008,2-5咖哩雞肉,冷凍粥飯,1,2,130,65
D50500009,2-6奶香南瓜雞肉,冷凍粥飯,1,2,130,65
D50500010,2-7香菇豆腐雞肉煲,冷凍粥飯,1,2,130,65
D50500011,2-8洋蔥魚片,冷凍粥飯,1,2,130,65
D50500012,2-9金黃鮮燴絲瓜,冷凍粥飯,1,2,130,65
D50500013,2-10百菇鮮豚,冷凍粥飯,1,2,130,65
D50500014,2-11香甜玉米雞肉,冷凍粥飯,1,2,130,65
E51010001,2-D01後元彩虹水餃,冷凍粥飯,1,1,119,119
E51010002,2-D02寶寶後元饅頭,冷凍粥飯,1,1,129,129
E51010003,2-D03寶寶後元蘿蔔糕,冷凍粥飯,1,1,149,149
E51010004,YUDS冰糖銀耳燉梨,冷凍粥飯,,,,
E51010005,YUDS原味冰糖白木耳飲,冷凍粥飯,,,,
E51010006,YUDS清香檸檬白木耳飲,冷凍粥飯,,,,
E51010007,YUDS紅棗枸杞白木耳飲,冷凍粥飯,,,,
E51010008,YUDS紫米紅豆白木耳飲,冷凍粥飯,,,,
E51010009,YUDS日月潭紅玉白木耳飲,冷凍粥飯,,,,
E51010010,YUDS詠梅釀雪耳飲,冷凍粥飯,,,,
E52010001,V-01好粥伴-什錦豆漿粥,冷凍粥飯,,,,
E52010002,V-02好粥伴-野菜菇菇粥,冷凍粥飯,,,,
E52010003,V-03好粥伴-高麗菜玉米鮮菇粥,冷凍粥飯,,,,
E52010004,咕手指餅乾-玉米米餅,冷凍粥飯,1,2,179,89.5
E52010007,寶寶豬肉鬆,冷凍粥飯,1,1,99,99
E52010018,【郭老師】後生元米餅|米花朵朵(藍莓口味),冷凍粥飯,,,,
E52010019,【郭老師】後生元米餅|米花朵朵(紅蘿蔔口味),冷凍粥飯,,,,
E52010020,【郭老師】後生元米餅|米花朵朵(玉米口味),冷凍粥飯,,,,
E52010021,【郭老師】常溫副食品|甜椒豬肉粥(6M+),冷凍粥飯,,,,
E52010022,【郭老師】常溫副食品|蔬菜牛肉粥(6M+),冷凍粥飯,,,,
E52010023,【郭老師】常溫副食品|蕃茄洋蔥珠貝雞粥(6M+),冷凍粥飯,,,,
E52010024,【郭老師】常溫副食品|五色蔬菜雞粥(6M+),冷凍粥飯,,,,
E52010025,【郭老師】常溫副食品|海菜吻仔魚粥(6M+),冷凍粥飯,,,,
E52010008,單入滴雞精,冷凍粥飯,1,2,169,0
E52010006,咕手指餅乾-紅黎米餅,冷凍粥飯,1,2,179,89.5
E52810001,2angels 矽膠鑽石吸盤學習餐碗 夏葉+拿鐵,餐具,,,,
E52810002,Picaboo 布咔寶學習餐碗-棉花糖藍,餐具,,,,
E52810003,Picaboo 布咔寶學習餐碗-金盞花黃,餐具,,,,
E52810004,Picaboo 布咔寶學習餐碗-芭蕾舞步粉,餐具,,,,
E52810005,Picaboo 布咔寶學習餐碗-鼠尾草綠,餐具,,,,
E52810006,little.b 316雙層不鏽鋼吸盤碗-寶貝藍,餐具,,,,
E52810007,little.b 316雙層不鏽鋼吸盤碗-甜美粉,餐具,,,,
E52810008,little.b 316雙層不鏽鋼吸盤碗-精靈黃,餐具,,,,
E52810009,little.b 316雙層不鏽鋼吸盤碗-夢幻紫,餐具,,,,
E52810010,little.b 316雙層不鏽鋼吸盤碗-小芽綠,餐具,,,,
E52810011,little.b 316雙層不鏽鋼吸盤碗-暖暖橘,餐具,,,,
E52810034,By Lille Vilde 防滑矽膠吸盤碗(含蓋附湯匙)漫紫,餐具,,,,
E52810035,By Lille Vilde 防滑矽膠吸盤碗(含蓋附湯匙)鵝黃,餐具,,,,
E52810036,By Lille Vilde 防滑矽膠吸盤碗(含蓋附湯匙)灰藍,餐具,,,,
E52810037,By Lille Vilde 防滑矽膠吸盤碗(含蓋附湯匙)綠,餐具,,,,
E52810012,2angels矽膠餵食湯匙 -繁星-夏葉+紫,餐具,,,,
E52810013,FLIPGO 翻滾環保餐具-薄荷綠,餐具,,,,
E52810014,FLIPGO 翻滾環保餐具-氣質粉,餐具,,,,
E52810015,FLIPGO 翻滾環保餐具-檸檬黃,餐具,,,,
E52810016,Cink 湯匙三入組-米/紫/灰,餐具,,,,
E52810017,Cink 湯匙三入組-米/橘/紅,餐具,,,,
E52810018,Picaboo 布咔寶學習叉匙組-棉花糖藍,餐具,,,,
E52810019,Picaboo 布咔寶學習叉匙組-金盞花黃,餐具,,,,
E52810020,Picaboo 布咔寶學習叉匙組-芭蕾舞步粉,餐具,,,,
E52810021,Picaboo 布咔寶學習叉匙組-鼠尾草綠,餐具,,,,
E52810022,Grech&Co. 矽膠學習杯-漸層橘,餐具,,,,
E52810023,Grech&Co. 矽膠學習杯-漸層粉,餐具,,,,
E52810024,By Lille Vilde 矽膠雙耳杯兩入組附蓋-藍色系,餐具,,,,
E52810025,By Lille Vilde 矽膠雙耳杯兩入組附蓋-咖紫,餐具,,,,
E52810026,little.b 316雙層不鏽鋼三用學飲杯-寶貝藍,餐具,,,,
E52810027,little.b 316雙層不鏽鋼三用學飲杯-甜美粉,餐具,,,,
E52810028,little.b 316雙層不鏽鋼三用學飲杯-精靈黃,餐具,,,,
E52810029,little.b 316雙層不鏽鋼三用學飲杯-小芽綠,餐具,,,,
E52810030,Fabelab 防水長袖圍兜-流星棕,餐具,,,,
E52810031,Fabelab 防水長袖圍兜-星空籃,餐具,,,,
E52810032,Fabelab 防水長袖圍兜-水磨石白,餐具,,,,
E52810033,Fabelab 防水長袖圍兜-小馬兒,餐具,,,,
E52800001,螃蟹的新家(洗澡書),故事書,,,,
E52800002,出來吧！小雞,故事書,,,,
E52800003,沒那麼可怕,故事書,,,,
E52800004,是誰藏在森林和雪地?,故事書,,,,
E52800005,是誰藏在沙漠和海裡?,故事書,,,,
E52800006,忙碌的小小消防車,故事書,,,,
E52800007,忙碌的小小推土機,故事書,,,,
E52800008,忙碌的小小救護車,故事書,,,,
E52800009,忙碌的小小拖拉機,故事書,,,,
E52800010,春季冒險｜手指迷宮,故事書,,,,
E52800011,奇遇旅行｜手指迷宮,故事書,,,,
E52800012,環遊世界｜手指迷宮,故事書,,,,
E52800013,洞穴尋寶｜手指迷宮,故事書,,,,
E52800014,閃亮亮的花園派對,故事書,,,,
E52800015,閃亮亮的音樂狂歡,故事書,,,,
E52800016,鯨魚啊！澎澎澎,故事書,,,,
E52800017,醫生，我來了!,故事書,,,,
E52800018,Baby Shake It！寶貝的英語童謠,故事書,,,,
E52800019,說話遊戲BABY PHONE,故事書,,,,
E52800020,廚房遊戲有聲書,故事書,,,,
E52800021,英語遊戲有聲書,故事書,,,,
E52800022,超市遊戲有聲書,故事書,,,,
E52800023,能吹熄蠟燭的互動有聲書：生日快樂,故事書,,,,
E52800024,農場嘰哩咕嚕！︱Follow Me 摸摸觸感有聲書,故事書,,,,
E52800025,我是小警察,故事書,,,,
F50100001,第一口米泥,組合,,,,
F50100002,蔬菜滿滿米泥,組合,,,,
F50100003,進階版PLUS寶寶米泥,組合,,,,
F50100004,TOP,組合,,,,
F50100005,五行蔬菜小寶寶粥(不含牛),組合,,,,
F50100006,大胃王(不含牛),組合,,,,
F50100007,鈣好大寶寶粥六件組(含牛),組合,,,,
F50100008,元氣大寶寶粥六件組,組合,,,,
F50100009,牛牛走失大寶寶粥16件組-150G,組合,,,,
F50100010,牛牛走失大寶寶粥16件組-200G,組合,,,,
F50100011,大寶寶粥18件組-150G,組合,,,,
F50100012,大寶寶粥18件組-200G,組合,,,,
F50100013,牛來了(5A5B),組合,,,,
F50100014,燴料9件組,組合,,,,
F50100015,白肉好朋友大寶粥七件組(無豬肉)-150G,組合,,,,
F50100016,燉飯3件組,組合,,,,
F50100017,02B燉飯+麵5件組(不含牛),組合,,,,
F50100018,02A燉飯+麵5件組(含牛),組合,,,,
F50100019,全飯10件組,組合,,,,
F50100020,燉飯9件組,組合,,,,
F50100021,滴雞精3入,組合,,,,
F50100022,滴雞精7入,組合,,,,
F50100023,滴雞精7入*2組,組合,,,,
F50100024,滴雞精7入*4組,組合,,,,
F50100025,第一口米泥組(24包),組合,,,,
F50100026,米泥自選7件組(28包),組合,,,,
F50100027,米泥自選12件組(48包),組合,,,,
F50100028,小寶寶粥自選3件組(12包),組合,,,,
F50100029,小寶寶粥自選6件組(24包),組合,,,,
F50100030,小寶寶粥自選8件組(32包),組合,,,,
F50100031,小寶寶粥自選12件組(48包),組合,,,,
F50100032,大寶寶粥自選5件組150g(10包),組合,,,,
F50100033,大寶寶粥自選12件組150g(24包),組合,,,,
F50100034,大寶寶粥自選5件組200g(10包),組合,,,,
F50100035,大寶寶粥自選12件組200g(24包),組合,,,,
F50100036,燴料自選5件組(10包),組合,,,,
F50100037,燴料+燉飯各3件組(6包+6盒),組合,,,,
F50100038,燉飯自選5件組(10盒),組合,,,,
F50100039,燉飯自選10件組(20盒),組合,,,,
F50200001,捷捷寶寶年菜禮盒-燉飯組(不含牛) 12M+,組合,,,,
F50200002,捷捷寶寶年菜禮盒-大寶寶粥組(不含牛) 8M+,組合,,,,
F30100063,樂齡粥彭湃10件組,組合,,,,
F30100064,樂齡粥+料10件組,組合,,,,
F30100065,樂齡料+飯10件組,組合,,,,
F30100066,樂齡粥+飯10件組,組合,,,,
F30100067,樂齡粥單包試吃體驗組(免運),組合,,,,
F30100068,人氣體驗組,組合,,,,
F30100069,全品項燴料5件組 (不含牛),組合,,,,
F30100070,全品項燉飯6件組 (含牛),組合,,,,
F30100071,樂齡粥熱銷6件組 (不含牛),組合,,,,
F30100072,樂齡粥澎派7件組 (不含牛),組合,,,,
F30100073,粥飯好滿足8件組 (不含牛),組合,,,,
F30100074,樂齡粥大胃王8件組 (含牛),組合,,,,
F30100075,捷捷好粥伴-嚐鮮體驗組 (奶素) 首購免運，3款各1盒,組合,,,,
F30100076,捷捷好粥伴-全家大補給(奶素)，3款各2盒,組合,,,,
F30100077,捷捷好粥伴-超值優惠組(奶素)，3款各3盒,組合,,,,
F50100080,鈣好大寶寶粥六件組-200G,組合,,,,
F50100081,常保順暢小寶寶粥組合,組合,,,,
F50100082,樂齡粥體驗3件組,組合,,,,
F50100083,樂齡粥人氣5件組,組合,,,,
F50100084,樂齡粥豪華10件組,組合,,,,
F50100085,樂齡燴料經典3件組,組合,,,,
F59900001,運費,,,,,
F59900002,折扣,,,,,
F59900003,黑貓貨到付款手續費,,,,,
F59900001,附加費,,,,,
